feature_0,feature_1,feature_2,feature_3,feature_4,feature_5,feature_6,feature_7,feature_8,feature_9,feature_10,feature_11,target
0.9150947395829501,4.483115909287146,-1.9371766785240692,-0.19221421205000444,0.9257765762636163,-0.01577995177625091,4.851895621753088,-1.2593256110348956,-0.1016687013483708,-0.3387291879127087,2.9544664961918765,-0.6889584114584957,2
-0.9681082883291177,-1.7744627091417904,3.120130905522321,0.8371325578439406,-2.0690418535387307,0.6506023253261293,-2.552317005289985,2.3463358478479814,-0.37159245385962447,1.3536877670748262,-0.3989690504011434,-0.9048919260478666,2
0.3884664150482911,-3.3440765439392557,0.19223818733855275,0.08871649614176225,1.678773636714603,0.330746505624665,-0.7010629859835192,2.5252581465872925,-0.42871234272692393,-0.8614108783724472,0.6162906828945274,0.4331159638731109,0
0.32786114075077594,-0.25537337538230714,4.240741503522156,2.4546926173677264,-1.1477291734569903,-0.6864139934696738,0.35285856838966256,2.037852782806138,-1.3081126893583326,-0.2793595710664323,-1.4763060025235744,-0.06551450905873228,1
-0.1642041046965167,6.207213584901711,1.1017484520999479,0.5653903986509045,-4.011839143670404,2.4979047776225203,2.039497622908136,0.297518268837451,3.1529520723504367,-5.135588761609395,1.2675027073274054,-0.07424666598436051,1
-2.115841565233227,0.25615271108954457,-0.3028689230863873,-0.18349252622736612,0.22892468882606942,-0.04984242216079915,1.6318327921088684,1.6845278065891824,-0.176790614536666,-0.941840801129167,2.054718030430827,-1.166237893859306,2
1.1529445518228643,0.5928265115703474,-6.053904437221156,0.09631535333993257,1.0610561992113983,3.2822259765119495,-1.5817935417747435,-2.401249740607181,1.569905429627929,-3.0822438345323806,2.7119301551733743,-1.5461621196108988,2
-0.9420865347549293,0.36171626279514146,-0.11989831799443622,3.0320569790739627,-0.8120609737788533,2.6053575932238635,-2.3431411938154354,-2.035050288960946,-1.5322776761608972,1.7625140629862137,0.16422612127410097,-0.705605780472169,1
-0.4537416128383286,-0.3990762562153848,6.202469641870958,2.6419509718165335,0.5151054812499918,0.19530843679329468,1.8503817777867124,2.140888833020437,-1.6989796357638278,0.049188551594034235,-2.6692958337119572,0.7229862631192213,0
0.48546452464674195,-1.1715069813360515,1.4822750371873903,-0.370435694428614,-0.09808488483137356,0.11067828130173085,0.11144834273185444,0.787103029064881,-0.01387209034683834,-1.7136594348349345,-1.6943686224849381,0.2248488160456383,0
-1.345831784542422,3.383907784844211,1.6357562200570912,1.6845984964886305,0.12287546170617247,3.0068569289245843,1.4001290098923285,1.342569879230619,3.0005820150341624,-3.735601409283522,0.9541450528094666,-0.5402530033357673,1
1.6422760575404385,-3.9604848386241858,-0.2996336328084486,-0.6669504767775534,0.9389498526919458,-4.130609676166837,-2.754899971384352,-0.9743265081718704,-1.9266768591133636,4.640332696196431,-2.5314460613570784,0.20796093068038618,1
-0.46856892279819984,-1.9088668933296566,-2.8608805356458915,0.511946957913459,1.0878508251364043,-4.507819978378737,-0.5833075670556,0.25924903190883275,-0.2580192800601293,-2.0587768162888755,-0.45583687741599743,-0.24675066209887558,0
0.05467940848176152,-0.2127912065643774,0.9871239591951196,1.620043188268994,-1.0834957526390676,-0.4594594877774101,-2.1904568614920152,-0.5547588622855627,-0.47277604951258434,1.8573529824663404,-0.970863340160462,-0.4570642060443477,1
0.2999074383672631,1.0857924234768386,0.2267475692209455,3.014740896340857,-0.38053198840874947,0.35323774510738426,-2.8225041320627975,-0.9456543751635583,0.7065190455209716,2.027984723241393,0.045690374495364505,-1.7613667774733044,1
0.8538085623090685,-3.1190611050515886,-2.1553130436896124,-3.326704797242364,0.8323040155635748,-2.890372026091679,-2.4492206227108433,0.8797575737654018,2.784045448206305,-1.6434392762201928,-1.5898411185721106,-1.3136151460790664,0
-0.24169845141648982,0.602739617243335,-2.46286279360102,3.0244476119653916,-3.460428464885329,0.6908378965876982,-1.7658573872612986,-3.9731867013345745,-4.752990430864697,1.6422465260502477,0.6408461130173524,1.4852192410127263,2
1.0894219244900503,3.276279097934157,2.346942865181887,1.5634879038697034,-2.2662867094199273,1.8404752323405784,-1.0177137577081665,-0.6241281175135829,1.9153233735786666,-0.05040203575131197,-0.7854161935222143,1.6900099336037604,1
-0.6339454098934185,1.4423151103560774,-0.26763036597658013,-0.12337742052696443,-0.9494921291090995,0.2604575071950045,0.9291115948901856,1.3082277294427946,0.3726936258748812,0.13478391580413174,2.60553995563067,-0.6510640019148723,2
-1.127097451846959,1.1703998303204184,1.934324230906056,0.6676242853892955,1.5611330683694826,1.1320288228492408,-1.9166048803491966,0.013228245653424064,4.142733101582622,0.10213399310686788,-1.9904600691302874,0.7013250045677598,0
0.22085887245945995,-0.5356399218551386,2.322196015794262,0.9345600383518013,-0.35603135348698167,1.3733560755663439,-1.7956482529937516,-1.1868225679871052,-0.9895938194370879,3.4790609234514855,-1.7555927158720106,1.7273039250619577,1
0.9773185160643294,6.453857302139767,2.044112555258858,1.826799267286523,2.719399452771672,5.366921226972281,1.6438138386524095,1.1150650214836633,8.480969461722278,-6.295014241142046,0.29536627195706133,-0.09037403111844128,1
0.19732635061487788,-1.36151027335595,-1.2126612801902394,0.3537729854802437,-1.4722260990094926,-0.33620489109990614,-3.301491900316047,0.18509564312732585,0.38767978128780367,0.27873329892329746,0.3390114528477841,-1.1843049510191201,1
-0.9927651757518205,0.7947023762911031,5.1656136564232895,-1.069001090894313,-1.6902252706728702,-1.321910259730425,3.207795240265013,2.676799086602186,-0.3106911528602747,-1.2649098787475637,-1.959144744711758,0.18956385643463108,1
1.1931708649751445,-0.9909424887516338,0.697482581132135,-2.75915886237631,0.2555732565681088,0.4230640351384013,0.06619107670896773,4.735301487582413,3.5129534639343865,-1.9609390060758853,2.3188418542155995,-1.065534689896944,2
-1.5257359032036821,-4.061589236951113,-0.2558026556229279,-1.3451795861442837,-1.8334296269787278,-3.183521590924406,-1.9097732482950533,0.2674757402641579,-2.6408535853855932,0.5393704722784929,-2.0101790471711167,-0.4596768684892936,1
-1.996276264871416,6.944915339609737,9.962428283184286,0.7084976639145533,-1.7725122121224897,-0.4209757187233887,5.27236668927649,3.0778795537820844,5.217943040434239,-4.898612463298965,-4.808162829444155,-0.2610940984625762,1
-0.05544736211379275,0.5756582948458464,-3.815557660445247,0.46367945312251624,-1.347242807449427,0.06341637309517423,-2.193653810430792,-0.8006916363540424,-0.23607213976274155,2.1401064214062195,3.7229284127134217,0.6836724214169171,0
-0.8120849319435647,6.824385897918727,-5.5390180312098085,1.9052942578984662,0.046028668991944466,-0.86074392816472,2.2760846766249094,-1.7753999259987694,2.6912005936224466,-1.7235015908634685,5.412574052904543,-1.0990628205716486,2
-1.5032219344128614,1.152267840170343,3.14500661221326,0.9613011931718456,0.28654984792919924,1.5567885479478627,0.17698068147234924,-0.8432180259805593,0.030934357137877733,2.044169709380905,-1.8458171769879845,0.2801102610465844,1
-0.26461470337212917,2.3564577100194013,-2.997159045311538,-0.27145669469131495,1.2763740824325598,1.813660162873536,1.1631043495108355,-2.168001202783093,1.000604300712993,-0.5065643036374243,1.8010071755971722,-0.22048615416741157,2
0.07698841972489333,-3.1093481245791286,-6.129954639901018,-0.3554862764732962,2.228286741273668,-5.670447973240314,-1.1270525749715714,0.8070572100452655,0.883119135106732,-4.257857329491813,0.8199430555208553,0.14754091186532844,0
0.5436079274801299,-0.8180986516403069,-3.182001833468905,-0.5421721570399753,0.8856764879693185,-0.4456238003685641,-0.531307584506372,-0.9052826822870947,-0.17965748377647717,-0.22623553643285077,1.157362028704091,-0.22315963418089083,0
-0.5789010323364328,-3.873852303350102,0.09010106076705592,1.6767561906274677,1.5670320770733865,-2.407687224918287,-0.7810166485986876,2.184832525064587,-2.4142966983080316,0.5707465524391895,0.24333201817557004,1.0791133039939274,0
0.16869132533943265,-2.1995296247510994,-1.3005831420520972,-1.253296474557326,-1.6801651233255668,-2.238711821370115,-1.199728048503866,-0.17055697086452093,-1.4153160980529018,-0.5387554605943361,-0.8701396252332461,0.40945052192562353,1
1.8221689493957067,-1.0093987330816971,-0.7172619722350567,-0.8101734073695348,-0.8766199415686342,-2.5709088143040555,-1.8781324718444163,0.5335727279119347,0.9964743391685178,0.2573390681551375,-0.5478199087318667,1.152031402809516,1
-0.03814068802431726,4.042138518417254,3.439797048323424,2.0644006873712217,-2.420265987719924,3.313182764532229,-1.7235296836697556,0.42845665780207864,2.467586284382546,2.8512066632590747,1.1879960425200142,-1.0301940198979407,0
-0.4074771714148629,-1.5331546812657888,-1.7662519474368608,-0.9014656680303244,1.3654343691200304,-3.5541376690223903,-1.3556107533026058,-0.024759642447039987,1.409354939629853,-0.13652896847206986,-1.1857887791253836,0.13141934404135083,0
-0.0017316982256069587,0.7532923362841428,1.0822367712030707,1.5907626302824283,-0.4778672239802324,0.8927506738636792,-0.670123057069137,0.7368890236079149,0.3224218934401989,0.4906472525576713,0.7371762523018779,-0.9779802105425248,1
-1.0674443455465519,-1.7396883795639992,-0.2901535805851078,1.951178866429581,1.712944922754947,1.8332844553748644,-1.5440476168772586,0.9719755399560983,-0.486298630512199,0.7692014683015039,1.4240004898780505,-0.69999179357183,2
-0.32732019627485626,-0.463124606078591,2.533844572192437,0.35812913274864033,1.584377373000165,0.362269983613023,0.8300720097724847,1.1418962080004322,0.32579173882670975,0.4045187620030354,-1.1272704307266217,0.6363657277529304,0
-0.5141525165207437,3.944256139858761,-5.0081085746800005,1.5273352857412843,0.4951476622995784,1.1175800840889274,0.9201075363796608,-2.3266501375711774,1.4326170071263098,-2.2815303052949174,3.48927398578044,-0.32943913709212347,2
0.34979772725362235,1.9456591574579651,3.658385658236497,0.28844084762817723,1.4199856417294643,1.3869672731813476,1.3922350839375859,0.8207592907297994,2.433518932848563,-0.11221962655283835,-1.5721703465023706,0.09605864195142041,1
-1.9760004477208337,0.851351236381432,-0.8652543871166336,-2.1968897370177487,1.502558261689674,-0.8349906179182955,3.3973441870757966,-0.40168449287296126,-0.15655212205963376,-0.26343247165956185,0.43115511794869377,-0.328662015162296,2
-1.0053060234814666,4.377946016364008,-3.56173634491985,2.1925568530747057,-0.02891192938000242,0.2774234548985176,5.086527364125424,-1.0206501134103525,-1.9229769177518334,-3.4002336527124437,4.430058452191734,1.7815366819670446,2
-1.7368164085440256,1.596046678405515,-0.873459333281721,1.1011345841503828,-1.462791888205005,0.5596969292739788,-2.1922157365895165,-0.20586182562755573,1.6504050258753868,0.5885766108376029,1.4003553499405885,-1.0445742198567156,2
-0.7027477766993865,-2.0894295716420936,-1.683558387259944,-0.14888452621060044,0.6916803976128201,0.6276203592945315,-1.8029288104368044,0.6612743869277835,-0.34536162119077296,1.167109225305447,1.7109302739792192,1.2408795720469028,0
-0.2893644251178287,-0.6927428186377405,-2.659482261180318,-3.0278763796681143,-0.4638569055389239,-0.4046017957777228,2.497902687805265,1.6209327885634623,-0.9720178990428556,-1.4350332128132899,3.424028171952255,-0.26984054067181684,2
-0.04476030761217351,-2.336818796588873,4.949045254540698,1.3380199073930763,-0.8380844630644588,-0.8794166664479719,0.3347348079757737,2.1797380219008824,-2.775385347526831,0.9490063544338772,-2.4213049655550356,-0.7507020270362984,1
-1.2517576863617423,-2.715948494343332,1.0649802391262262,-0.3404964058287223,1.475003344377607,0.7206247272888426,-1.8829308582753155,1.3813824485781512,0.24425494489434318,2.0964602879774947,-0.21088081449565554,1.2129727292261878,2
0.4363351884155083,0.227411968851852,0.6641319959931659,-0.35471082355328276,-1.0082526115046662,0.7286106156691454,0.9416534245178927,-1.1472260066363835,-1.5239635258893234,-0.25713721111917365,-1.0684548662058015,1.494251246256332,1
-0.6239293007827422,-2.166106742325196,3.189710789896111,2.7444138321800677,0.5332168233247232,1.464756234807964,-4.680295979372524,2.2998047256246497,1.5704961554901171,2.352648866433406,-0.751573025839166,-0.9634775377351934,2
0.41056161522694357,0.6087422240808761,1.760868825847569,2.7782762745918173,-1.8766529877257965,0.40717086398603974,-0.6213142140587071,1.9883183648454212,-0.2840867880512512,-1.6055400693473434,0.8443663669229837,-0.6495182109038314,1
0.29114430823604015,2.291426172636307,5.103699325117521,-0.0720181488549676,0.9113469782648301,0.9122605111127744,-0.23190387352931519,3.3383332872066847,5.03746203844522,1.6584771123763664,-0.30661388917327514,1.0185733031860407,0
-1.2603142913435934,-1.7260414773209383,-5.868374785602553,1.1750222448138214,2.641349577660259,-0.30544772485290006,-3.078308472842894,-4.471387528212925,0.9227576602585671,-3.8404881042378345,-2.468633432466229,-0.8802201908223272,0
-0.2923196493382869,-2.219627628812446,-2.998102497083846,0.8530196313049976,-0.2605087463359457,2.5503470121018585,-4.154344968961585,-1.1813303065578913,-0.562764129776035,1.012012056868719,1.479898791921289,-0.11632303927625796,1
-0.141293063206095,1.360934407068617,0.5702158740508516,2.2449304872374416,-0.7809808848469681,1.250934021574309,-1.5196939274802026,-1.1687761876596052,0.05893905476084971,1.2061637227084734,-0.10590759146163942,0.9124833895474148,1
-0.1922990340290819,-4.462495088040689,-0.879549849229807,2.2050686150226544,2.993064603242571,-2.5611100392257518,-1.9731433084516166,0.6402923874503655,-0.6774370799629585,-2.9641430463003546,-2.7885243787631193,1.5318999165445448,0
0.027802915739940044,-2.5966290087043897,0.9005905957773652,2.477798573610989,2.829500971791349,0.43940603945299594,-1.1743488638551525,-0.2903010929178238,-0.1190579022568965,-2.986916813020339,-3.4417276656140268,0.32876030034284537,0
-0.17022689159174376,2.9935357014422137,2.0124409065072637,0.2669288754218224,-0.9933152686591448,2.340598838875665,0.27010614892466567,-0.981011807921804,1.6743790575820299,0.36816259841441945,-0.7144847036194251,0.4620133099292848,1
0.5071344895452684,-0.031590567612159975,0.08787185819723202,2.611875337207819,-0.5030208618203094,-0.7188400451295467,-0.7068294057892925,1.7716648440291498,-0.9712513213619827,0.9786738744913894,2.3959341861075285,-1.538755524275253,0
-0.17979944515153234,3.611555655917559,-0.9220458464127167,3.51588069687163,-0.4190346886328069,1.3709479943606229,-1.8064028447260188,-1.6775451320348047,1.8587791936492235,0.7175802005449147,1.3405200744802164,0.07623822768157425,1
-0.2657756964542771,0.024151179209263747,1.9498198867536243,0.6032208261476871,0.7338128663183516,0.09440021850334746,1.6912227480452078,3.1710068684903585,-0.11511802602432519,0.42032730008073615,2.0619053940262857,-0.3967449789943736,2
1.660042489483483,3.346911718397023,2.8784865120169782,3.479156809413369,-2.4013856429549665,-0.10582669485274954,-0.7837213496178422,1.4640403944209006,0.8931100008348399,1.6993677352586851,1.4422243996686,1.3826419356641928,0
0.835479221822892,1.5285412757134396,-2.319906061217758,1.0264379393193304,-0.9216872862758485,-2.208021640877319,-0.3762294963021683,-0.8585949069706347,0.7189376657827653,-1.6960726724204607,0.5102026028434139,0.13291864175027399,1
-0.2610461918801526,-1.0271555895653701,-1.3821552830228547,-2.515666837983791,2.0758917316382686,0.6169574801311243,-0.36133796602092416,-0.7975123742253284,2.0065933010329653,-0.5841143005908551,-1.0385979913615886,1.6183813288478353,2
1.4124474015914215,3.221782003162771,-4.935969343840211,1.1428833325067984,-1.861989236103518,3.023554651974165,1.0706242444416958,-3.591273928081131,-2.8604723607032505,1.1975842139649855,4.848042312947518,-0.970752287563102,2
-0.960796460837577,5.722056680423416,6.03895496714951,-0.2774372306438999,-0.13238146279770513,1.4385949867510401,1.9812111821488374,-1.0016692089472787,4.345714464332674,1.4448325683569676,-3.613987606167841,-1.057057167715776,1
-0.5998288765428978,-1.2466799194598095,3.4094445008374947,-1.1195268295326741,-0.911962011810922,-2.0680450586043286,-0.363332120094942,3.7733993116659317,1.755202131455075,-0.7972781732669121,-1.1987916934558536,-0.27182030327965323,2
1.4201769626933733,4.364680615596026,-3.9545741547484146,1.1531252168438964,1.4785622480332419,2.0164490623477285,0.48170704855851354,-4.463534159990209,2.0968567125252706,-0.9140748283961991,0.903427647890037,-1.6648924201289474,2
-1.3667317334829063,-3.2026917195744966,0.31158020228486494,4.131813086910769,0.697498125433577,0.777389545574412,-3.3489071465571896,0.5432048529848542,-2.165907203158058,0.2854976082153974,-0.3677688747571686,-2.3377548334351532,2
-0.48405701932779827,-4.004162055770234,-4.127538689454219,0.02165399841269522,4.027529686172864,-0.9597860418844231,-4.680891116993118,-0.9729147652219357,3.0676305321607913,-2.1273294288708353,-1.9218542574080297,1.942668124161504,0
-1.0519149250556892,-1.7409499145620628,-1.4245221271095447,0.7412113704835296,-0.7056373954414672,-0.9739044231046469,-1.4750866913624212,1.0817499628720413,-1.2202207720772424,0.287107082174875,1.6475519852697431,-0.16287312099157975,0
1.2064801554150546,-0.6639433726071898,7.225327257048277,1.754865913652989,-0.4129259401325801,-1.267675694316111,1.0841008900819598,2.0620922319064525,-1.4301780873023313,1.4066498815397757,-4.026132799588234,0.8428312447284311,1
0.6058855479572698,-0.1801205148462984,2.151220334064743,2.149367760497676,1.2848567598895482,2.4131539047202404,-2.4711519531225488,-1.1931353203486115,1.5715818681017124,-0.0885048710698284,-3.047882823385476,-1.1565359848377292,0
-2.1067620913994958,-0.16115467019825375,0.143456808970241,-1.0199414023012197,0.17350146885881657,1.1745833862292785,-1.0184754505624924,-0.8009025890665078,0.9172999583881174,0.995044853057588,-0.7387257823099231,0.7167987979895001,0
0.1955091501574566,3.8106264048082026,6.0470924457316215,1.2774783375984273,-1.1970070504940662,0.6669344093195362,1.5861153817103952,-0.2588656164275964,1.5915015411516165,0.49507363319477804,-3.527370764834906,-1.8065879724688891,1
1.1019566973974242,-5.1304898533822065,3.8958784246087315,0.6415591098106427,0.38088515023140557,-0.2798048473781777,-1.9480391588787083,3.3262774617564252,-0.9149929671256906,-1.9031910119341613,-3.2716639882968535,0.3737684280934946,0
0.07695399022554521,0.8223027989167184,0.23177428221152793,1.0823379124777062,-0.3738761518271909,2.539411378739341,-0.274032447122041,0.19915906324560195,0.29329446943273263,-0.7736114092450401,1.0947743816525417,-0.20240198863134418,1
1.202238780415674,6.204722916324145,2.4607084254486176,-1.5037484823822775,-2.4336489074397063,2.142602571833816,2.1606379715265334,-2.202974524299482,3.0739389592916524,0.02723227586880994,-1.259364916030172,0.672607728782654,1
0.12931759815012658,-0.12675212845477965,1.450856878259059,-0.1909019669945573,-2.2642469203201965,-1.8864245013554983,-0.006151719523401655,0.41593656665819734,-0.7109123015629033,-0.8255776027497523,-1.6024039810553656,0.3194012335955807,1
-0.06241153913561554,4.446622442231645,1.7785219637537617,3.0375073857742128,-3.360274910397782,2.094635809425683,0.24066887503870127,0.7638715582175992,1.8134480847144143,-3.7759925387623627,0.9584649423580098,-1.1322827554772812,1
-1.9516071935401529,1.3106009201287454,6.146940079670732,1.403156189013358,1.860816360001468,1.1765016902497756,3.370840181196053,5.312814575520401,3.6356598414637067,-6.036152571185807,-1.5371333277773545,-0.08056579831237083,1
0.15987663401417757,-4.650375716252222,1.1540444906377287,0.6478230875593447,1.0199941004554942,-0.05860224614043641,-2.0468380095163328,2.7352050913087083,-1.247883795205211,-0.13359900368949962,-0.4016239353084503,-1.6692893468739836,0
1.2106905737559028,0.5149740301642288,4.5516077647173505,1.2828975567786336,0.2625272011599147,-0.5269311928245306,-1.1781369989662582,4.597787385481783,3.181303787349031,1.884370819675473,0.7865721191696214,0.31376592330838754,2
1.4815157928415832,-0.18137028521612275,-1.7941613319669676,-1.0254061323300423,-2.253329747139264,2.32718513463798,-0.6853350730390317,-1.5208790486071142,-2.060875941912934,1.1894016574804827,1.6894744288231225,1.5133445021394696,1
-0.6944882860276632,-4.335006547181623,1.1153708085245688,1.984660840326173,3.121156487060152,-2.72617836211307,-0.909757750702097,1.9613652799677734,-2.9005471937813048,3.9861553170302453,-0.03330933260207236,0.3700028462103656,0
1.4185566863918506,1.584581165844631,4.625085561740249,2.433225168042026,-1.8139540930053613,0.41577511997059924,-0.5738326827020477,0.780784147303888,0.4090990938072413,0.317484240316505,-2.1220931888807972,-0.9862244862825192,1
0.7528272138084728,0.10495668607407392,-0.5672998597002956,2.2482438408911274,-2.6467562143155194,3.2732411805165467,-1.6801682264900712,-1.7573908607186262,-3.7783320570123626,2.977957741852168,2.115227761637922,0.30231130514764265,2
-1.2341211350090704,1.5518493441072032,-2.120058439637672,-1.9976483954417312,-2.2163813354611603,3.3975885210439376,-2.0647091815372622,-1.3982332060956062,2.8919497918306734,-2.039287919698306,0.7602662865696711,-1.2938194018044213,0
-0.17763670538537346,-2.5627922535188734,-0.5153961189801735,0.8604744494996928,-0.4882087139426856,-0.4963069706452954,-1.4445590600563794,0.9750556561250059,-1.0283848676194771,-2.407465817640705,-0.5760961624118597,1.5343635334410206,0
0.7564989278401563,2.852015027640517,2.2285181090319157,-1.5413240160516866,-3.265046464007556,1.1132295639701242,1.5225901757921023,-1.2406009809916445,-0.14511992390317574,0.38992650900858505,-1.1387521037167092,0.04059847615629864,1
-0.6435306977043912,-2.2508142572820566,-0.06307775136563033,0.3560552695793202,1.763062081561084,-0.37524728815629105,-0.6515544617970255,0.22544119838032062,0.04222895862381448,-1.8115588885487997,-1.8001061814823056,0.09912653615463717,0
-0.22497329928831508,0.2508286119787566,0.060076112792960996,1.725701523234576,-0.2321181946482883,1.360088724912242,-0.6257545065799256,0.1408323511779136,-1.1304828615538143,1.83999317341329,1.7910576354754237,-0.5792001577213237,2
-1.7333838620549142,3.232108076713598,-2.9170372849099744,0.5542248689055707,0.613882708019788,3.985768267794813,-1.5461635723757734,-4.6066651655897335,2.403261178617843,-0.17193960452898238,-0.0625950236630537,0.9117653228420028,2
1.0193859769602103,0.48639519077666526,-2.264759611903407,-3.5236665253599253,0.12238907359363815,-0.4149306414516567,1.4418776793692398,0.25511001207599504,1.118255108273294,0.17600066602592612,2.0347514329529828,0.15704424720867144,2
0.443273298006406,-1.7159168840858696,0.12506943171032456,2.368425625405444,3.4046274631337146,-1.348137426201102,-3.564101970353244,0.19915067532631758,3.2423815383166743,-0.8167006905564742,-2.7254313919411395,0.7270800204509539,0
0.5750330351090183,-0.12683568093794378,-2.9528461108736126,-0.8856262939933093,1.36567428670871,-0.5243092623551004,-0.5571783989398014,-1.2244014533203251,1.5445653181253618,-1.503011677223105,-0.04318026588296675,-0.34388219481266263,2
0.9243342829917818,4.589234572776419,3.164787496834436,1.8351973724105117,-1.7820869798059484,2.3505867481469642,0.6808789676797491,-0.016532029856867858,2.6865643355883573,-1.727163149312335,-0.6708595819904739,0.12310608458760919,1
-0.8009675968959797,-0.14291893419966353,0.2687192755847376,0.5776928890912556,0.4010723353321958,1.2255032327344102,-0.9946547574701665,0.5039084879140485,0.448630003118053,1.2618701349628456,0.9517374764081883,0.305062138965167,0
1.7678290584051788,-2.13997655982259,2.3620177257584083,2.836087715092443,-0.4643906616551333,2.2926160985785016,-2.2581843622712983,0.20536945907082838,-3.2544202860714897,3.820451253333367,0.08240468604070506,-0.12127547583566888,2
0.7502781441995143,0.14726466859619636,-1.4448412034728726,1.6148391495714711,-0.33323106983457906,-0.012850557138168628,-3.455310541544551,0.13247837914343608,2.452508507788253,-0.8514048191311302,0.4765296802147836,1.130983473135212,0
-1.128622997012695,-1.7208578291011096,0.7046215567415177,3.9598631717567816,0.9291907604645975,-1.6288394070409804,-0.8045532201504328,2.759551972908997,-2.5998532062401454,2.862997983311359,2.8225553717737997,0.14334388259588937,0
-0.21642802827588922,-2.278268215523601,1.7162576981034081,5.649034395152183,-0.028717733470011164,2.9007166415746735,-5.9152547471437975,0.16036181135335514,-1.243541747158795,3.3215335589446986,-0.01377909718178083,-0.3709580195715553,2
0.9339451661017365,2.6154138668441558,-0.5245262820407424,0.10028382367541111,2.434065157316124,0.934124264510938,1.9444085564524833,-1.1025794604345984,2.0623153833450614,-0.49138649436905324,0.26675092987700777,-0.3242937168172423,2
1.4787236094678915,-3.3697262080600856,-4.078134380215498,2.288168351500716,3.416859772130288,-4.315727273610404,-3.9023352311043347,0.2404418370655651,1.5889084836831906,-1.401518328456241,-0.5677479931112345,-0.19567855887695199,0
-0.30363853698785775,-3.834755128638994,-1.268684475442937,1.4228027008011541,0.22131897947654766,-0.47051020149371625,-2.576145317932726,2.394261847823298,-1.7748075161129018,0.6854721311101093,2.2322176691499642,0.07892781907222075,0
0.7012923267522329,-2.1713948935507044,-2.0119667800390473,0.06822184932935449,1.1082708617185377,-3.7196728904627037,-2.867019887434641,2.255841140543768,2.601515534814239,-1.0008380812275979,0.5065338176415326,-0.07537961242276606,0
-1.468336561534095,-0.31814078814468,1.9666773682810097,-0.7645118657545389,0.5084675753533248,-0.08458992883660321,0.5698218835113229,5.307435449382892,2.9504932589423425,-1.5258088350588355,2.451775016511651,1.488235316869476,2
0.8741769172383231,-5.495515644105522,-2.22916005210807,0.6450809185611037,0.6201329494259676,-0.3912775349752329,-3.859791092318124,1.8869442140327009,-2.1818545171522956,1.6849314155097848,1.9847704125456969,-1.5921435277943279,0
0.7572669335354051,0.2509066020537704,-0.4661203846571558,1.4129276910235244,-3.9360425604337164,2.368297057013099,-0.7948635980867884,-0.5051937050682433,-2.120233269196974,-3.262595236336276,0.5612083809284962,-0.6978737686158872,1
-0.30890753160576834,1.433137496405294,-1.618189486056565,2.0798563689321825,-1.268583915026539,0.9671907487621565,0.8555888982669653,-1.1324515569208669,-2.56077377066564,0.15549164960514672,2.400111114108908,-1.1619324916562448,2
1.2816592167838994,2.522500459918632,2.138091948837308,2.4708409331985965,-1.4938006709570906,0.5612661459020529,-0.48041776190783636,0.6947798800578828,0.7231166984694029,1.08945556415833,0.7924737780924113,0.38543257174126216,0
-0.7156700137176393,-3.182707060300479,-1.224592575988778,0.42223261036842186,2.44296212663561,1.5592408713288983,-1.972320753471339,1.3026324679713746,0.22024020936581512,-0.07499456293058593,1.0896995591892051,0.05777436401351284,2
-1.1935422744350308,1.833718656425672,6.1850456265229985,0.569551917506049,-1.129859124494638,0.07711482770139755,1.9912140823208933,1.1804007702180912,0.48520875949039655,-0.259582078515077,-3.331636264148005,-2.274886763822362,1
0.17803073467937236,0.2647262369874612,3.5843502305533006,-2.330405990824932,-1.296930900896423,0.23088817878234857,2.5354743154201227,1.2764291580849492,-0.29761426440480276,-0.6687681177218043,-1.7412744663430295,-1.1521693795200187,1
-1.0550905083248843,-1.632050742123076,1.3371166622130553,2.773168257240944,-1.1640953686437006,-0.8090841513611182,-2.8234395802164594,0.7501789864192085,-0.8823115710262119,-0.08369801964976475,-1.259406481659227,0.18680439247765354,2
-0.6525091404207238,-0.38067627695798667,3.3664181099131394,-6.066618304088573,0.3034843752491946,-1.6050496740224056,1.7927465310768502,2.939023721491164,2.7219298014574607,3.624322981824567,-0.46206722110869003,1.0278820940207516,2
0.006284524891873213,0.8151228934403875,-3.2258279509077883,1.1148962157075193,2.2045263035068574,3.2801215612279853,0.2999392679952714,-1.6527013146531198,0.7106635469672944,-2.6004837317537426,1.6192971938045444,-0.7652223660046927,2
0.6378481065159813,-2.3923297043894123,0.09505032402179797,1.6753672622768019,1.378673867025586,-0.3175480484444606,-1.955736589881915,1.6143680299440821,-1.1826344074915904,3.3817725243608106,1.7395560591706087,0.6617894546907348,0
-0.3223585508452425,0.6384214444917254,-2.314474080982485,-2.2759636282565063,0.2306878941162357,-0.22436654469210815,-0.5926391885497941,-0.2589318700172779,2.47513433867993,-0.07921361126761606,1.1529054410222668,-0.5150082763556918,2
1.8429030483046505,-2.6851134577729225,3.319611902553211,3.119834472592414,2.8080673264043394,0.49188278839551647,-2.2931749641502988,2.456820286258055,0.02438101548032212,2.740667487081046,-0.6957666800858837,0.5017189930276992,1
-0.36673154803901914,2.108321820302411,-0.1494610075414489,-0.7457798674870948,-2.70112930849867,3.2616146554087013,-1.2984878670943247,-0.04230736204156127,2.221089931924245,-1.3901574294810755,1.2926164293360114,-0.7368017053213786,0
-1.2688059075755223,-3.552701014083393,-2.082695577655172,1.4758904070419019,1.454933009906588,-1.8304133807926812,-1.052329242874174,2.1810890095579554,-2.395729522628338,1.0496228921801316,2.7438430230744,1.1604935373940093,0
0.22128612173053255,-0.3122680111654801,0.5120191859443238,1.308611124042013,-0.9045354366526666,-0.18108834936839235,-2.1938791871673216,-0.8900187953739541,-0.5710715375895812,2.081339602495837,-0.7872834402025002,-1.0764972684096419,1
0.12125468310393163,0.8182228897894106,-0.6253373204353888,-1.0941493802521889,2.8133369526847467,1.5722116598018974,1.9991980988545985,-0.24943254046110086,1.240627314756083,-0.07144182935752819,0.8298886936495774,-0.1110188736071547,2
0.5298931548837734,-0.4559937436924867,0.16109514696514768,1.0835993990649795,-1.6835255828127842,-1.1821597754620505,-0.9725077500698718,-0.801542543712341,-1.658266301074667,0.1869180922400312,-1.0668953374249706,-0.0640610385338891,1
0.37761450632893956,0.3033230854676445,-0.9698668988493945,1.1316082888759098,-0.8271921607584476,-1.319892535110123,-1.522076299883091,-0.6018860029323096,0.22862646438252754,0.060271587586961495,-0.09927354038543568,0.29298820833497935,1
-0.2565509805528739,0.6398796523893858,1.6491714683312926,1.3871441664661597,0.40589753409745066,-0.16994092793955307,-1.3322885355688852,-0.8730478954584943,0.38814941631201516,2.9694084353565806,-1.2529103391119074,0.0430830080243855,1
0.990708253703516,-1.4189408827277843,-1.1506836495209891,-0.8256307384650503,-1.511061305925131,1.808610400947949,-0.6724788759008407,0.8907593088297105,-1.2713814036032247,-0.5383186143383629,2.0584130282068664,0.15312256259107648,2
-0.9869253241686525,0.91249062737388,2.5767136854836123,0.5700208937586997,-0.16307071705583276,-1.3904559298838564,1.8499880792688095,2.298430548916106,0.46032323463234226,-0.9217835575349522,-0.10727168368638962,0.797602849999754,0
-0.9351668298432851,5.059844330307755,4.662059182360572,0.31378449458586755,-1.0848771081515969,1.7265286619870728,2.6247913064266646,0.5606652279117983,3.4130245447093963,-2.034725997111621,-1.7112174844261479,-2.2645149793961163,1
-0.4892392329990946,3.035859162028612,-3.3145358161047422,2.528928176126102,1.549409311129346,2.8554687451678262,3.576493149240782,-1.6292711786796703,-1.2304482017159994,-3.772932193034015,3.254843186048084,0.39869518362223777,2
0.6491201400599369,0.49564993102542493,3.1870023753651058,1.3217520373925589,-2.44757812723713,-2.319293247469684,1.2996120140339413,1.1363298277043052,-2.373788549243755,0.6616888505336205,-1.0179624446864624,-0.2518783078967272,0
-0.707116004632279,1.1677249918447314,0.8007768152506243,1.9798003179361818,1.5777864370615597,0.014791595878510089,-1.0573812236428148,0.15964996131027653,2.2492213700191597,0.39660291276053794,-0.4085158208261088,1.271071649674262,0
0.11636345136596042,-1.777219046688299,0.6137909892417401,-0.022399915225138622,0.8567552671183625,-0.6552223046726907,-0.8721071895042131,-0.1911261320259603,-0.09182079880209004,-0.4891745884418057,-2.2168398538443816,2.2657126904956923,0
0.010924485573555355,-0.21892805663964734,-1.5073673902108062,1.2679724634054705,1.9844088461284952,-0.8064534970993257,-0.8324261736208872,-0.4634377689081868,-0.265504091962245,3.1235403380914213,1.5711113081687438,2.22601888576669,0
-0.503919471374263,-0.9502061428373256,2.8236416257245263,-0.8330551629474368,-2.2267825164318413,2.105297336263144,-0.10622022515723772,2.589914150258025,-1.3755947814235725,2.0944586223612363,1.6885719997081718,0.14178542046026985,2
-0.3827187921585574,0.708156101847886,2.1505594879317456,4.3389081214797205,0.5407162044459799,-1.5162767217775635,0.3556868008112577,2.126010495602011,-1.5482754457611714,2.46708412505516,1.8435014672797854,-0.056529883379680415,0
-1.9492312831652652,0.8554011331906154,-0.9224227941652194,0.16092453019629915,2.2089716414840646,4.197680496450037,-1.5786437300413838,-2.3401774973129155,2.8949306719243024,-1.1471110403144227,-1.1871242623769414,-2.0648854620468864,2
-1.0629666560249948,-0.7087104729422996,-2.234066443996525,2.911595390776879,0.6495734866217883,-2.199107337769597,-2.8456923751208976,0.9311788418865341,1.349226760897331,-1.4198302814538513,1.0268773017675845,-1.0433348430503362,0
0.411026654818728,-0.3013365269764226,1.032934090669113,1.6948318231075485,0.1665693527454517,1.873450946324573,-1.2615907946528546,0.9377127956064503,-0.5475230157118991,2.5018042847032884,1.6736573662615386,1.5642695189460305,2
-0.715516819258321,1.9977127262332983,0.9503914517034602,2.3027133785468736,-2.455080853814735,-1.8773488106181566,-1.3323074704603783,-0.001827599743406183,0.6994299914360651,-0.3273141644634081,-0.5594830465146772,0.814169483332352,1
-1.2345924457842394,1.0844992454796913,0.38684167329734087,3.2010433406365175,-1.3110238090143804,-2.7028510710982165,0.6046690879451597,0.9101155902820238,-2.3433775118703375,1.5055853962811023,1.8006797576402618,0.367170160233434,0
-0.7622825079973151,-0.07417270486072382,-1.080612339272211,1.2149515691230675,-0.11457145952005299,0.5236834919811566,-1.636153662635308,-1.8576086462389982,-0.8797151148503978,1.6937451256164886,-0.08023040697210093,-0.7204148568038374,1
-0.018504603229662724,2.2105507510053846,-2.266141814286505,0.216997783517084,1.1102746529327454,0.4696738610901534,2.2656429788644283,-0.47399259198850785,0.7283032746400069,-1.971081408082425,2.1188819777402705,-0.40911661365525137,2
1.2322139563397692,5.633176015582066,-1.4534135543610531,-0.1598804678532647,1.3803198364934715,0.8817895089832757,1.2552382850419534,-2.7067067214646228,3.797890511353905,1.859084398970912,1.2893322755692302,0.15710869450331952,2
1.6935507907153553,3.0051465167066365,-1.950919625590182,-0.19521046350223326,-0.5655285893670752,1.0052255166653308,0.6219560405847628,-1.476234932200168,1.672036315822202,-1.212170044846945,1.2995746236113717,0.8807143880064838,2
-0.972920885991247,-1.1344784235525611,0.6494018711060205,2.284853864908475,-3.277198973401697,3.708263360522507,-2.686406730297753,-2.301236557335101,-5.0624808741155345,4.3466001496272675,0.6999741180697829,-1.007600694660031,2
0.4082716409020305,1.586869275384727,0.10271680380029512,1.099667222085496,-2.047421228970318,2.0317066752186257,-1.1303096252397973,-0.8753523564954415,0.20407218448959008,-0.28341223186683284,0.4878699037527765,-0.17578192176653643,1
-2.0067786877664813,4.563905935654936,2.3534381303432372,-0.7785637759781043,-2.1751265618442694,2.5485277626948193,0.6050785125262769,-2.898580723016322,1.618472997353638,1.8967937383336304,-1.6639046245783802,-0.1210966884657939,1
-1.1235291209139948,-0.08305694919077398,4.596636899170168,1.9724133457196193,-0.2841342363915418,-0.2451869116887504,2.1276228812101716,3.8489790247301836,-0.8812511007297694,-1.376116175466151,-0.022895589057691845,-0.6476321135885404,0
1.8525647287750495,-2.3941658657237084,0.16887587862274656,1.900189521160083,1.1017164527080456,-1.6692146532341896,-0.2409819054704524,0.25346224520191196,-1.3450871674556946,-3.243271247283228,-2.4617739555182885,-0.21641117499258872,0
1.407258975064945,1.1495181209381449,-1.1475323321144517,-2.2461434710885726,0.9099866097692727,-0.9485407528397078,2.501256040966739,1.1842491982845367,1.2473205248454045,-0.22645260186105742,2.1517983497560524,-0.1421854989882232,2
-1.517306215678493,0.6018140741222332,-0.4460371070845572,1.9637998427150354,-0.2627596719793682,-3.681729355235794,-1.1123895507358104,-1.2803881716097176,-0.4519006756086844,1.5764273911971967,-1.231667861274476,0.09906907592340972,1
-0.7285215540143527,1.7535324393715717,-5.211459185748309,1.2019399619754507,-0.2552266452317382,0.676711668232518,3.1599727745918207,-0.7751978169571315,-2.294989984410756,-4.119108713765691,4.599709165828729,1.147539213593895,0
0.6090986064427143,1.3452861136421956,-2.713165515166461,0.1250284728216332,-0.8569637780780774,0.018500255152666734,-1.952969968247539,-1.8908859735493033,0.707198783794148,2.1859806134310795,1.627010130021436,-1.1648109393386035,0
1.0603959052338827,-0.18887814324687327,1.3334756506142635,1.4052517854030402,-1.9870241712233052,1.2434881639507533,-0.5927918996160186,0.08942129744149752,-1.7948340348746523,-0.055128508578743296,-0.12155006820290915,-0.13633834701448652,1
-0.947046657840529,0.6272991356467229,1.006250924433309,1.8046367185014092,-1.3406616294628981,-2.9512911776440207,1.1959476384546939,2.2144582305041243,-0.9933914118663421,-1.0171496435119238,1.0072240118964029,-0.1444684152997933,0
-1.5794149894930603,-2.1317538259905806,-2.5304769057940386,-1.6182793326846197,0.07211590735042872,1.9854405676903275,-0.07134578679016657,-0.9639777614423206,-1.114206959996519,-3.034329449426236,-0.07609494657395577,1.5416728117963672,2
0.20299211293607752,2.99346014606651,-1.2596791573563833,3.745728511334333,-1.2414822737726188,0.4940266271615579,-0.39905903429344847,-1.4221690701203413,-1.0147824038586073,1.1223031461465591,2.378091392090105,-0.14395839378801126,2
2.75072303053733,0.2784542044768489,-4.627258661844248,-1.8915502174295957,-1.0533752643377778,0.01348454405596522,0.9024904656329086,-1.9995201037441688,-1.2969275147293402,-1.4972300254046587,1.983659657259469,1.0555446021319752,2
-1.105256421150566,-0.18517421213358337,-2.4768013169083694,1.2965498279604923,-3.830774481518562,1.7309188017050312,-0.2197357368608528,-1.8713136456318402,-4.783764503472151,-0.6911782375295938,2.097993884397332,0.039590529777948996,2
1.0780033727074767,-3.7813410277345927,1.4496300676942198,-2.598665178347481,3.5712379008300865,-2.6131978939605416,-1.6151237695086191,0.6140407484981365,2.872467015000309,-0.4308799986049847,-5.07089056996328,1.6994944526713458,0
-0.27017672074397436,-1.2627798456141106,0.1436507281065278,2.163533689521799,-4.392609131256645,0.7813820179347903,-3.7120733472149556,-1.193710531228259,-2.917725038668958,0.5961799433938402,-0.6706852703204449,1.3905225716010585,2
-3.1878114760401433,-3.676928770566007,-0.13839668988846218,0.7503776668333305,0.8606736274183518,-1.1542573954494562,-1.7596861488206192,1.8543580148553223,-1.553834099876911,0.9972136555630594,0.45758143777854743,-0.0833936211288835,0
1.0406186060097589,-1.7663179168386909,0.14457288728413772,0.009485639071008967,-0.39390222383566154,-2.3898517541959317,-0.611922858231684,-1.4881722770453572,-2.6130894498399972,2.1511260730928976,-2.1199995025387617,-0.4405964684661945,1
0.49082850061809546,-0.4495927730877566,-2.7698034057869703,-2.5603883162864944,1.764056453803573,1.4728133524886757,-0.7650547364042948,-1.4295800732791941,2.3696439573420323,-0.9709442621936777,-0.09851647264061802,0.0523185478224832,2
0.4967755737669098,0.18836689406736462,2.165686925188242,0.8469635380671222,1.0100316303974637,1.2254278034272106,0.9199555952249158,1.952770985722367,0.7734077485657325,-0.8270945510023341,0.2816667099816583,0.20314920159120747,1
-1.4312823876380543,-0.3710773296808847,-0.08249506624664554,0.19045663285227254,-1.9176503514237369,-1.0615859030258061,-0.48364084538092056,-0.844563459052047,-1.600716386413633,-0.15790452999749505,-0.9640737645484784,1.8366746308594049,1
0.09285762397170147,-1.3355248897201961,-1.0330843232345546,1.247562551548891,2.8272562548222107,0.5710726163477373,-1.9644106563318093,-0.7529626713021376,1.9166008749570458,-1.9150563538753416,-1.7911039000670117,-2.194248243545532,0
-3.239437724940069,-0.6331190732778229,-3.358087462004136,-1.9336775893157552,-1.0487724000185152,2.8077542275418312,-3.0704880408815596,-0.5767751502833627,2.014655655181534,-0.5947170737479759,2.0401752429945565,-0.866195598693432,0
-1.2155979959542482,-0.3220096663344348,-0.4093333753608138,1.2808951280962864,-1.0350957957800941,-1.0537104174719698,-2.2063185795459113,-0.3358522156924624,-0.00022838128648716705,0.6088583574784996,-0.3250176728867562,-1.6026761448585942,1
0.26619224818727044,0.8428404844374038,0.5220948479236306,2.8887242763418985,-1.3616990248046812,1.4796396325299956,-0.6755260873744726,-2.027979388089154,-2.376029341440007,0.6107716467515051,-0.6044974113360277,0.19071496671679483,1
-0.5664067429624856,-3.494562382710724,-1.5191121765769797,4.747576851165439,1.3706937439177942,0.32136360972644495,-3.070955699445267,-1.4761993881169322,-3.7411491898811273,0.16759312798415726,-0.8173656025720284,1.0832732434662167,2
0.17859051739280293,-3.3904290512712083,2.3865607578120573,-0.47507381785269076,3.51843160401701,-2.6279825375980823,-0.19507694418926824,2.124486615515739,1.311387664608341,-0.8676429067837133,-3.516208728263627,1.1277120081948795,0
-1.0031798309228,-5.841778356398171,-3.554263264430383,-2.203478373595326,3.9973243741390023,-4.8066397099961,-3.034636453569154,2.1622832791931916,3.012316067889824,-3.2728022336522824,-1.8079484407863007,-1.2329363539908302,0
-0.17135099280361862,1.0704570589768683,3.968273353756638,2.229749528539209,-2.231042030774485,-0.6105675876497392,0.14111804544037132,0.9010293532805689,-1.2324181338696274,0.9341333828321492,-1.307451647142259,0.11788450610335514,1
-1.5252775345160665,-0.654415688582582,3.0300407721033626,3.546796046251745,-3.660882225731666,-1.544219452379735,0.6024799477097085,3.018288694862354,-3.9439505431926634,-1.3289837318996216,0.7872263095414045,-0.6739243467295954,1
-0.39242955445781563,1.1507708478815244,-1.3498368238780625,-1.499461142090662,-1.665406657613735,1.302806800267625,-1.4243602103865523,-1.5259518308322333,1.8206004037844359,-0.9560915739491671,-0.3241504870288001,-0.6582902412592208,0
0.06970231473182249,-5.230357240200341,0.10020694513689994,-2.318746919570932,-0.5604099076186818,-3.655948010681667,-2.424002459998533,0.17458707971691445,-2.4989899699057716,2.7865197574934326,-2.6619416234746733,1.5502496727721666,1
-1.709309645207811,2.716957324255018,-0.4672832988084327,1.3511639554417862,0.23884159801514326,3.1236735184434923,-0.43934513431097755,-0.33810118652371,2.5681573324492,-1.3721341453502782,1.5060088495090702,0.1817646831997632,1
0.6718865749515559,0.5328660605058274,-4.819010844086768,2.5182508322959625,-0.721098713085863,0.37947735122658566,0.3833929173325272,-1.6961733404555797,-2.6123385429435215,-3.015939691293646,2.880394077116104,0.43388548000164306,2
-1.392389527783687,2.2254197454976343,-3.7439342785482976,-0.12944041609330914,-0.18879840347013466,0.7972269821591103,2.3644678482116763,-1.6206831946864375,-0.9109301376975212,-1.77867709827477,2.9031923641547395,-0.11639066286077632,2
-0.4920700709486458,3.4826091659455414,0.83437567453148,0.7955432261727797,-1.529568047424545,2.4549215693074924,0.8502107089787476,-0.41973343300501464,1.5269574532353354,-1.5964126117567403,0.7434857881890902,-0.5199332344925404,1
-0.430586560182279,-2.5993427332037835,-2.904778773887541,-1.1904071482348724,2.8726417556502115,-1.573498546409036,-3.7001976824980947,0.17866554591131956,4.253021753260419,-2.006903881057119,-1.4875115347291086,-0.47857989986419436,0
-0.28563956749858843,-3.467937520858851,1.026634642090963,2.526503182925682,2.948736572192333,-4.981366229988529,1.446414922990598,2.139628420556122,-3.6717338781707025,1.4062893907639664,-0.5882593426691016,-0.13805184997237743,0
-2.0491238864536,0.08206011362333172,2.551113228245778,2.6299611896432675,-1.7037079636004484,-0.2080478108192192,-1.3339528816148882,-1.5075691621475251,-2.5783205507069322,2.7963858712406138,-2.121415874145293,1.3925452537259573,1
0.3417003836309373,2.255126617087362,-0.37157241410830405,1.262757204130435,-3.087130370722788,-0.48697698633148034,1.836121710867773,0.10112262953176554,-2.0351120474332918,-1.3967622264364965,1.9467521630499887,1.6856654248920175,2
-2.703480129761572,-0.9092700862334585,-0.24361541387502814,2.169419257380497,1.7627815152158215,-2.0608782890241324,0.08271470053765362,1.5961214017221286,0.2144984889456576,-1.8365141650809482,0.1258025931373251,-0.104713258625338,2
-0.8172954608806424,2.4181987956768114,-5.340063223798243,0.8011327942280564,1.5033745078158471,-1.4220782756617085,4.4136761179980635,1.5099614738646818,-0.520423423077025,-3.282347520833747,6.602871679487275,-0.6403976790586057,2
1.0571929989849158,3.1628260539962585,2.6354961969837953,2.6889164080099697,-3.117405264879187,0.2997607102959764,0.7995126207357715,1.7589694394944897,0.6433293661712198,-2.707871822849816,0.6345533597708926,0.27139098099769776,1
-1.4511063871700083,3.4016022805217396,8.830506083924961,-0.8025169089717703,-3.6533142144227875,-2.6895132616105264,5.208092620053471,2.706710860245078,-0.17453000018891696,-1.5804941511604662,-4.25911669612465,-0.9784562533992069,1
0.8305079576600876,-1.2140831458541548,1.6108965149701966,-1.796973531314145,-3.369865830230307,1.6758399696320883,-0.13314858310824007,2.0426953358235225,-1.5369370159164624,0.12524699109605963,1.2334829901481221,0.5381329645684658,2
0.5195463297743959,0.30827893991166877,-0.5100754753671379,2.787360200842726,1.4114441245983596,0.13855876866247274,-1.6618310534399274,1.1736140935616348,1.426806104263115,0.35049459071613687,1.7351998016561363,0.36318229829127024,2
-0.10523696808126758,-1.031603694380722,0.6282782905475233,-1.4517659198575483,0.7363018144599321,0.7746133073217543,-2.491982968488168,2.439114308772805,4.062877508631002,-0.35443714918629954,0.272203139406771,0.8490109132765532,0
-1.0573328171747303,0.4001454218842855,-1.8035365500589995,1.4314827830993129,1.6992066302803979,-0.34622217709826975,-3.318011117008973,0.9201815506605994,4.414967250820071,-0.7311146225416454,1.0742431611784014,-1.4344653418496869,0
1.1103489799142932,-2.1838716598944177,1.2415344990144557,1.6244336332491804,1.8037704700313828,-0.12204879844204508,-0.6986799791219986,3.2907013581935765,0.5075438303026882,-1.0583836093467816,0.7455029097642683,0.9428461717327297,2
2.3616114440046903,0.6597724338066737,-1.202267967362439,-2.1400742664129857,0.47584098951244347,0.23025294508479643,1.1412155669520037,-0.10401339921122787,1.2552015801681509,-0.7019937497253479,0.7120510152786403,0.48849467245324274,2
-0.6648695426239807,-1.656273674909443,-0.7950835311126854,2.9260512483615413,-1.2989606985632118,-0.7848664284629878,-3.0347920672961024,-0.573300972215975,-1.5640772581550424,-0.8380614226548708,-0.8453010654820781,-0.7223627394889995,2
-2.9530751006512697,-3.4410432332018868,-0.9040919561996155,0.6136806249619834,3.0560340224070424,-1.0873918788172516,-0.4678599368883455,1.0273313810452978,-1.616783310754276,1.5685585496046606,0.5723100037166573,0.2458968269129046,0
-0.43725940537769936,-1.4479693472986257,5.025997958461051,-0.4693932452701908,0.5678897677442546,1.1719948411402679,1.2612398284012456,2.565464009615458,-0.10678913437406479,-0.45613312099838144,-2.2394376336548127,-0.705037480139661,0
-0.3672697068542186,4.090217186163537,-1.6900206926361163,0.42731289965868413,-0.19157733973906432,2.8069397017849522,1.4162387699453247,-3.909012731695085,0.3287874444749741,0.10724521323051461,0.5257916523094066,0.15887712099115242,2
-1.1147839047165153,0.5475736369637487,1.0232660938047156,0.5982124280990702,-2.00695722544354,-2.7701015694191398,1.2548562577083113,-0.9248997593451244,-2.1725089465074205,-0.6992137435698877,-2.065394114210488,-0.8769304507836545,1
-1.7597592201776262,3.1883433404063775,3.592574125565341,-0.9979347136556351,-2.6270353133868785,0.336953317119835,2.8728921826807254,0.8563794707615441,0.6440251019816897,-1.155429026151146,-0.8371479321169196,0.7708472774085788,1
-1.1080590381170283,-4.864671463945792,0.0557101675573563,0.9546134157775309,0.42358111950248156,-0.5935035566516229,-2.0931210334702737,3.2809697723276274,-1.6406355643896475,-1.199956813574468,0.6837030822069311,0.5525673906570109,0
-1.2049356012280386,4.2532480666474815,0.4295969701044165,-0.21467477043415795,0.7478816881492748,1.847458338134032,1.5853012498474819,-3.5395087578606206,1.5660196457735973,1.6460764946380686,-1.152565908410888,0.9701968266852999,2
0.27359381633944985,-4.877154969529576,3.96523379521986,0.23408876244900811,-0.009252146148197582,2.98498627120571,-2.0297965156272744,3.0275175263324576,-2.4813275864533955,2.253086693753689,-0.47097755588126766,-0.11926247359024779,2
1.194922134864996,-2.805030860172712,4.279229280446525,-1.2690260452458113,0.7092486367200983,-0.5309215268334999,1.587935829466146,2.2042004054447206,-2.0203083577679934,1.4000485531828164,-2.1600767011261235,-0.44373551486049023,1
-0.40116420561117727,0.1250828474302558,-0.3967483306318265,-0.5870363368666607,1.3355901802273302,-0.20936828542558128,-1.580023455640319,0.3515509528703836,3.1428761549539335,0.161388169797559,-0.2933331448922274,0.11995068015874248,0
-0.30375978151977473,-2.2771408734988046,3.435708107136739,-0.36879400955311437,1.6975712386489148,0.770673617681523,0.2027791632010969,1.9793286959505751,0.6250561994219433,-1.257777034227434,-2.6302109242539284,1.3899640686042025,0
1.514782046194154,-0.8076271139614302,-1.2497852302534325,1.3939825743659071,-0.02843098810671585,-2.0620996424086435,-0.9764789880077057,-2.35594743366591,-2.4584808098771065,2.0018084100971705,-1.200517185815661,0.887031022132906,1
-0.6631934483753588,0.03249920135751469,-0.7268627118761921,2.5596045693441525,-0.11758851135110782,0.08629675624699251,-1.4936714408179534,-2.299050042086732,-1.9220967049459703,1.8591732906140523,-0.530067991971835,-2.2561323074929445,1
0.44278552532185245,1.1061486501726105,1.21391034792081,3.5469532939856947,0.4627830785705267,0.24897220791323105,-0.11257094623148234,-2.618649399076758,-2.373534242655919,2.4113020665195064,-1.5659926402016233,-1.424583639731092,1
0.9207255128938933,-3.838481608309291,2.8633921605793096,2.1367221967721206,3.653468784203194,-5.105368620858135,2.1712957669922646,2.0160883190488317,-3.5497717836996605,0.9306186368213198,-2.8706707377813743,1.1945634311841287,0
1.257694222243733,-0.022317431759746622,1.011788000333805,3.337402541017891,-0.19326745829941072,-0.8374699883525474,-0.043026838503113285,2.1371435588203607,-1.9353761087272239,2.0410441345661825,2.64155236411433,-0.42035872145298825,0
0.4773506397364737,-1.7680138950467155,-1.0010975716448227,0.033999122415312,-2.5606455016381195,-0.055866104246111936,-1.8216786016115232,0.04744289963095172,-1.5465741536037223,-1.555140736905912,-0.1028325931620998,-0.36371104908754726,1
-1.8597795529709082,0.48162285256147275,-1.4412092993328436,-1.8094406408811006,-0.2853955189270958,-0.026053033523839364,-0.16234829936981265,-1.4180447728972418,1.1193385469431811,-0.7713698359964383,-0.7142265078923471,0.2725158258209099,2
1.090749351990426,0.59466101761771,0.14203140867436473,1.3692373114016192,-0.13478955821378769,-3.3803750897327536,-1.259812927565265,-0.3740489277814224,0.7121571025960243,1.3039762602022995,-1.1463851369762375,-1.535790268575018,1
0.922563516848142,-2.9297292559631747,-3.4447240765343694,-1.4099385405909999,-0.9295051390649014,2.373044120728274,-4.3679452227524695,0.10732966426626112,0.5214714539689096,0.5118917335325066,2.2348717970021355,-1.3481535740182657,0
-0.06337316763198636,2.6460679005398093,4.891836837689849,0.351613647266905,0.13587779008928158,1.4442869535983769,1.5106579232051853,0.6650892700859082,2.468990974853463,-0.6963054765495494,-2.6091695458437973,-0.8062181668090445,1
0.8710757288455954,-1.126667255772268,2.3916213874260146,-0.49398503337995114,-0.709650198721933,0.354307000826512,0.1982631751147802,-0.1491841141541399,-2.194114533728611,2.7525375287260747,-1.239846919662252,-0.5149592593206903,1
-0.916817841740515,0.10937714993667454,5.15264217489213,2.0710049440949203,0.19220701311486477,0.7114295190956486,1.6118469116186094,2.7703634575238327,-0.29427694833525564,-1.3325304109137168,-1.4740810105324762,-0.6088839378103388,0
-1.4729863877417555,-0.4273024207504439,-0.059394061984178605,-1.8171625055241418,1.7158220401430797,1.6650820159140711,0.827481912453686,-0.9232208090182759,0.632765130129503,-0.09784279532074536,-0.983587980947924,0.36051521494449745,2
-0.6112693991948179,-0.6000745179100179,-2.608577641703844,-3.291525423997345,-0.19548847680414694,-0.369549762248069,-1.270894807491079,-1.41942655779799,1.731564551087184,-0.14105161521950638,-0.49347566393876696,-0.9652326008784576,2
1.5905033445648389,-0.7432428177025634,-0.9557377447020314,0.6010979855625211,0.2180040517609294,-1.6319244760934084,-1.1042715271979056,-1.698177751438708,-1.2596556503719905,1.9345277163977599,-0.9934403020107258,0.39259766446598354,1
0.18969693121766237,0.014908989120384459,0.701229064357325,2.0381161391015965,-0.7328216814323614,0.26179225795031424,-2.6389456547145915,-0.4633190609008756,0.14002444067774888,1.7737096483478585,-0.44214290680199064,0.14084296655741527,1
-0.8439007869121018,-0.5418855485289363,-2.7494310718833717,0.711277616580176,1.2120280771596115,-0.6661091445481953,-0.6944207686718318,-0.014949066470608896,0.014634059344662331,0.14139111434313467,1.957820762185177,0.21746333232402948,0
0.3620401458590519,-6.609756530545117,-7.074251306658785,-1.670486201106287,2.4138046048355544,1.362995454599559,-5.106921069514369,0.6741852290228625,-1.416153543995472,3.2529763398703357,5.093315261865238,0.2803919711133143,0
1.351502903456121,4.2818692905571085,-3.9775524414086165,1.9235913138904182,2.150319389792557,2.914575332575943,-1.7393576489397238,-4.130951168951629,4.561139154100349,-1.689294196635669,0.4896483034386684,-2.6490995432670594,2
-0.656684790110111,-4.041998934281269,-2.4312632622262202,-0.09120015914081159,0.5629681756787198,-3.675880078830292,-2.4829312439973075,1.7883415829969254,0.07090585473227817,-2.2453279492336833,-0.31108426090674024,-1.6734847996761149,0
-0.02582118504835844,-0.31753739739789416,5.398693662497654,-0.4940354059476122,-1.6504207506501771,0.23629271758853665,-0.1401102377265906,5.060341541746626,1.5038977538714295,1.2353744919812115,0.6189785986210428,-0.15826388140399053,2
-0.3146636173467809,-3.9676985594923133,-2.1985724940277143,0.21270264713702824,0.9857656472591626,-0.18748371952737786,-1.765794463242718,1.6822531537613865,-1.6176029243814902,-0.05704810304768082,1.9411564421498255,0.6826360835687055,0
0.24958456178916924,7.5765539178157555,4.494551703163212,-1.356436118402938,-3.3302013398718207,1.7248626196923942,2.9492496596700644,-1.8790985823438175,3.9513441886346503,-1.0875657686051852,-2.699527645150977,1.434132723233584,1
-0.12725801990227434,1.2753672859712344,0.4315922795091777,0.5930192227034223,-2.5762977023544216,0.1617482440831528,-0.600537987271897,0.1574967054922598,0.5129721731963179,-1.8997430711353238,-0.14426480656442808,2.293977283293148,0
-0.23718773841206595,-1.8280460608172409,-2.0533910467707615,0.14096894824841366,-0.730772097256077,0.21338474831029774,-1.5463410250858105,0.23158189092190817,-1.4108976466234209,0.1974583990850598,1.636203873728902,-0.9998999262637005,0
0.5753388641155845,0.9419682388144327,3.5941594254519615,0.5556500397184476,-0.2427516578894544,1.4556262402371543,-0.39012155203226484,1.6880877116414834,1.6414272144944222,1.2325790586730485,-0.38579259780055264,-0.3949621964965703,0
-0.26571383761145845,0.12452656647873085,-0.369158896557689,1.9670225361518283,-0.8515366535299188,-1.7845645975430333,-1.6744103324687059,-0.9053049571609154,-0.6061601923643396,0.8436163338325066,-0.6836080978749044,-0.30178138704975227,1
0.7658094913262175,1.3744233237302494,-2.464067204904156,1.65024288308778,-0.3789886162350333,0.9972584569387821,-1.8993422936758728,0.41835155522401535,0.28247277484665223,3.8334334542777384,5.109671401175521,-1.25217444746434,0
0.7573934689773892,2.248617479167015,4.99234664209445,2.734172665273025,-0.9542924043945222,-1.2698868359096926,1.6911742858346175,2.4101411255331264,-0.4276811256698292,1.8661033733321197,-0.003630612227664587,0.6492287903050983,0
0.8969744386204745,-1.9609971330867693,0.421056529745293,-0.19791259015732465,-3.311494529627067,-0.5122243488947555,-2.6046934238518236,1.5032261864367031,-0.4212401540908145,-1.629453129127397,-0.4330074101685495,-0.7145145324057387,1
0.704222289484417,4.250809543862342,1.482039173600301,1.198382431989376,-2.8623669353983914,2.6186175828031413,0.8223096340103658,0.7225615260550653,2.405026363285495,-3.612604737651683,1.030356959870947,-0.6352274665292011,1
-0.08912312953323356,-1.8819127466836139,1.1473576353549368,-0.041843445163256776,-2.305867193460325,2.5171393131952393,0.8036188341159047,1.01538378037803,-4.286268120020978,0.3914558849331019,1.463785694451911,-0.07823859234326465,2
0.5790077001492636,-0.6641229091085636,4.886143367422942,0.8803666170629035,0.4457464849152677,2.0071575707094502,1.3636298639343996,-0.5518655635773175,-1.982730055167515,0.3830840487030349,-3.8961806769617175,-2.060698514663914,0
0.36231845873555896,2.114600091432286,-2.5313975175844003,0.6310511170721751,0.42984004898545325,1.5372633414288916,1.7865472248660215,0.5016899533806682,0.11779774305104374,-0.7109711696709953,4.421028416353817,-1.7219729641327195,2
-0.1732792917738969,1.9152259333020192,-4.439748908119966,1.0477251141299404,-0.9934898767256649,1.1676413599919624,-0.7914420989925766,-1.7286509492219744,0.058642244708689395,-0.7911088746080932,3.391542917233677,-1.0718568022324786,2
-0.6440460157127913,-4.670771272026061,-0.7627552470690766,-0.6199303330334296,0.8365075631644696,0.16242016589996755,-4.56033750096959,-0.6957451154659642,-1.3566499174933402,4.544481263329181,-0.9410549694196901,0.41506509493598404,1
0.4108492044326828,-4.555207259137092,-0.4685158686752932,-1.9494066400638461,3.5341040681241744,-4.644385022383199,-0.8690468084020406,2.22368117544774,1.588373982713485,-1.2949878316514467,-2.532992304500724,-0.4161518558614482,0
-0.5214856453557676,2.0126995552518463,2.9736229294362824,2.327720357486845,-2.1223972019921504,1.3066775751239437,0.012600373903690842,1.1945835164086407,0.6249532349803044,-1.8798004615681567,-0.3909196688102202,1.0666831087145028,1
-0.46759934049499596,-4.046783496598485,-0.9036808076318926,-0.3382262522457036,1.8136321441538255,-5.324651814284428,-1.5151617376863795,-1.8629621360887967,-3.1696659200403254,4.525796508503807,-3.070450639214132,0.023329508647177134,1
0.14378800992552931,-1.656063931008505,0.1550374176186928,-0.08608696820694006,0.09042312202940783,-2.1269556956990794,-0.0778715384799844,-0.039386300454523626,-0.7857119890657653,-1.5672277489371282,-2.1924301204316294,-0.2346593375465627,0
0.6848427373315756,4.59933711144221,-1.8350019633279693,1.2720547612525372,-0.028653563885735034,0.4502992166361358,4.120600191461227,-2.021195640227018,-0.8192590777206479,-1.4921435028338819,2.158635054447231,-0.23093244987533007,2
0.05858713754235319,2.546718733106246,-0.8975198119502339,-0.08070852001053486,2.1524846883847024,3.0576932214788752,-0.211126806047228,-2.1171552670816505,3.25678051107727,-0.03342546299895166,-0.0964865333963425,-0.351572078600127,2
-1.5102302454168977,1.4622193858133252,-1.816292582845053,-2.04682305025485,0.5079742801431997,0.10956972392542474,1.9206584309528734,-0.8487017209996814,0.5723969528911335,0.1843387040780875,1.399250987555185,-2.4341763858425924,2
-0.8716780788368853,5.0459886573082064,2.32229245055329,3.201769360938201,-1.8003767911123623,0.53258800979608,0.03035728337939725,0.3516499305672588,2.023668022099136,1.3364538647457334,1.4258697892359846,-0.5555421615754356,0
-0.9096010761932888,1.6208705258005378,1.3694737573389522,1.7034570845614216,-1.9027298111112096,-3.747103313495504,-1.3535634275203015,3.249048428041921,2.0023740124967224,1.5732708775801525,2.0012281550039046,0.3051067332407291,0
0.42713372868766064,-5.2823514009891825,-1.637390530828645,-4.949912425579871,1.9968250781738583,0.07749751489863121,-2.377589352862372,1.798082898507828,2.2481090137513933,-1.0656272018113637,-0.9779672544052607,0.43414222026221605,2
1.178228092882562,3.8040938018044805,-2.2227265288139244,-0.17813330219565882,1.1027852415723598,0.33564319711560164,3.256867285957511,-0.3920519516889187,1.1222466043211399,-0.21015754207593618,3.5258419310546025,-1.1677266876102608,2
-0.5035566258173726,1.7262983152685718,3.0662262298353467,-1.6457990465598784,-3.368902313276436,0.12176570934244346,1.7648786494678879,0.7018082826701828,-0.278387547846092,-0.47812012105074986,-0.9791729463064399,-0.8385931529638637,1
0.14664128429746237,-0.6259985834640545,-1.4934205059711405,0.6917739887348311,-0.9816409336656502,-3.3499612147107682,-0.38248996889983433,-1.1525366839933031,-1.6949739288471064,-0.4052905328124743,-1.0388682220309018,-0.25333033115494624,1
-0.21417453713550041,-4.337136879365025,1.2921136031369387,-0.12907342485421758,1.0805794974200724,-1.014984046820504,-1.048034029898477,2.053627624890534,-1.8800636012506446,0.924967123018613,-0.9042072246942567,0.0864254187861911,0
0.9083361610810946,2.3453196122629967,0.18772577861596715,1.315480053165492,-3.954652927959057,2.806406596950735,-2.0329809307828426,-2.0399417045857895,-0.43408176195271975,0.6532800902729459,0.37794793144676797,1.5006497897330418,1
-1.6004035617578698,-0.5407281782080644,1.5145784303921408,-1.9252684621602825,1.798545640650844,2.6968065158806422,1.693329791214852,-1.2074873588550747,-0.4025984549689645,0.5989580138046793,-1.850249744195008,1.1898910538749907,2
-0.2614656373192028,-2.9014588272313673,6.498541648202531,2.901593260786322,-2.3576023066766947,1.3144033977686205,-2.702815505752607,2.4079029319711482,-3.384717609712061,4.167455992136595,-1.7972509112775317,0.5275371586800149,2
0.22569813781152306,1.4153511399392253,0.7648271576017514,1.5708709166548838,-0.41755349346982484,-1.184638222861619,-0.6301049649738097,-0.9188648665010046,0.3046135525244369,1.2402568643819027,-0.9234470303853463,-0.5333047334278708,1
-0.13224305412338289,-3.7090809557479933,-4.9047721433178175,-1.7973008799843648,-2.561076029468262,-0.07136213865433072,-3.984172008670414,-0.24567530931699944,-0.6639834208418395,-2.732388972386147,1.1510324059656085,0.13310690246396292,0
0.8135480399705504,3.845895051259809,-1.8708832801709399,0.9516907047952441,1.3471194183517077,1.9668807271691011,1.2450894599776103,-2.452390591398899,1.9446032378029456,-0.77796046846127,1.0517991075240753,-0.8590275388687091,2
0.7490439445260392,0.2519267387864932,3.88543575442287,0.07270190126081422,-2.821539900966332,0.05564266606082813,0.8840257542757288,0.7874248585019569,-1.8423271459646644,0.4816829182572271,-1.6341082417102712,1.0107021645861105,1
-1.3630783448976937,-2.0019033424259685,-4.037240709762653,-1.0114030679895325,-1.599411805340845,3.7053454307519065,-1.5080051164177664,-2.781558900194874,-2.0723491482749625,-3.714840702073425,0.05220362036653192,-0.26464268630072496,2
-0.09528534714500449,0.8855258864165634,-2.293947502522378,0.3650137890869649,-0.5288463246068893,-0.061517095078350015,-0.837534059334327,-1.034158883872479,0.4647197347292158,-0.3628709153301368,1.1562614011752688,1.5293668083481444,0
0.7449914196140822,4.816452934228099,-1.0583597098671487,0.4843924396859929,1.7975043878591754,0.8770345105848705,3.0840874171709634,-3.2026709214373046,1.3990534486917259,0.15542004158019385,0.15241662007750711,0.6451691253728182,2
0.46266613681988766,1.1403557679380245,-1.935167652052797,1.4447688729407742,1.0976698605588209,-2.219749101254193,-1.5769229664853524,1.0438209773365237,3.135585913316646,-0.5365603567182509,1.6277361650869793,-1.2537001298982204,0
0.3019182630492763,-0.23918224775111094,4.310159315556737,-1.4209873957628418,1.2339059277522977,0.8419333353106456,2.1505504462039715,5.075452003390877,1.6006041809756382,1.4660606734334398,1.8711717290625667,0.27084257735299466,2
0.21978432342446114,0.9675934203522428,0.0026333115316070034,-0.5370370443764034,1.5532494605751945,-4.424568592986654,2.105579671503195,-2.2866398421430114,-0.8826313035676984,2.3927859817617225,-2.493595425080813,1.8964124057727823,1
0.675696949394388,0.45743900581611247,-1.1160159783311983,1.0026640680365695,0.972881578857989,-2.039296668754237,-2.0703257788135208,-1.3589522525637332,1.1102886704852777,2.90345063188178,-0.36193234105350647,-1.22398206674317,1
0.3058720550960282,-1.994795739403894,-0.7774673394385659,-0.23348423257125783,0.7530593894519719,-0.2584880016780142,-1.772549888098172,-1.2095032108499446,-1.054884184090668,2.380920944027698,-0.8336790873828485,0.6445062752738091,1
0.31121589795148946,-1.9099450344198763,3.871306353899081,4.993136873218572,2.329371293126379,-4.5668127173187685,1.9313847470642878,3.288468359287656,-3.916270267396376,2.2388948529279418,-0.31845177773313615,0.3763217770311829,0
0.13563200877595336,-0.37787547444160435,3.2390835974758283,-1.0347565860247703,0.03084729592046287,0.48245159581733343,0.5159526421281204,-0.35760293160961143,-0.789351685097964,2.8808066768087777,-2.2011991507757154,-1.103637871249398,1
1.5787835766122518,-1.24720869112188,-1.303323940299437,3.3791413609453764,0.3164383376905122,1.388443298880425,-0.8295905620383409,-1.409305440348653,-3.892930444263866,1.2203179936953883,1.164335224360496,0.0028105156861231587,2
-0.4144897258725695,-0.9572650746724354,1.7613942733252934,3.7117177175646034,-2.6177893231992706,0.8997636937070886,-3.7238732130444157,-0.22124780100053143,-2.0835087689688416,1.8826191128362666,-0.6249185040711469,-1.567707793825771,2
-2.0646974899587525,-2.453742305954839,-1.554212671933639,3.0594481035765417,1.4097543339459448,-3.206160998781673,-1.6553141311259614,1.4378300593041315,-2.412456248214004,3.027477986168031,2.3234333885526928,-1.6847006939858256,0
-0.45446094128498044,-1.6063358852827918,0.967966121454394,1.7923952030999177,0.5911213695072552,-2.833319091926004,0.9849102201770512,-0.06428019256946227,-2.4855842041627265,-1.55953481543208,-2.5281744534463413,0.8502053671312348,0
-0.248358026412124,4.373966897056466,3.5821586798182294,4.284332560145449,1.3313870682025213,1.167787081440545,-0.4584528307215924,-2.709809748419965,0.8543933771601424,5.591364357999763,-1.531487592654488,-0.7315425696196574,1
2.496817840356496,1.1374404247101992,6.788549219567537,3.7979211840119795,2.0987978994405188,-4.135887657644373,3.756927688312329,1.798110674092646,-2.0749877148623295,2.632561629810531,-3.1689324748791226,0.2835900115228329,0
-1.442726721373246,3.7138048877467313,-4.743706556093669,3.0015719417572546,2.1569327067384845,-0.20199375800067365,4.573774140889597,-1.5812269210044005,-1.1478155442434383,-4.288640831583948,3.746162141332799,1.4328724312670817,2
-1.2412339073608727,-1.693267299492416,-0.573878375386949,1.7043001487247755,-0.10508005172674695,0.3197638136538059,-2.9939443539725605,-1.6380830068084173,-1.7646491401913451,2.903113253540258,-0.6268859460944545,0.7646983346646741,1
-0.5106952697541627,-0.7112836369559978,-0.06113305470224159,1.0690880583680846,-1.0199498603738013,0.5370032821184221,-1.8751357814855893,0.03239495212261945,-0.6437319511258931,0.8297460994382764,0.38638137841914544,0.6362373753789256,2
0.011928237400157101,0.4949732891339669,-3.917218944937338,-0.5493840640834032,0.7149080328331819,1.3179751950132204,-0.7034217563617706,-3.0866244685735373,0.7247239607861337,-1.9949021882409501,-0.11389768817606338,-1.432939120685514,2
0.016129295245020953,-3.8082497566031455,5.007013743103969,0.8830748802963032,-1.7143544741893597,0.8725315415254243,-1.52574855866468,2.8291327437158857,-3.0996135541178345,2.0636486203153117,-1.5477949251528562,-0.1202705902025354,2
0.7303270059233291,2.8407443563909127,-0.9826626228772859,3.008034224476623,1.0470609174106889,4.1816635863737535,-0.7116567598410644,0.9144317461175177,3.524572431355071,-3.616981311930349,2.8169652548166724,1.1246958567968959,1
0.60730736336004,1.1186171468276331,-1.7976430724328794,4.361480022118274,0.6844935240282154,-1.1556671333258564,-2.837402226746654,-0.365660181364601,1.7085392777491428,-1.0606804430696388,0.6923608778367614,-0.17332115425054775,0
0.4992600313827984,2.352461643866718,-2.2861164937746445,-0.8212293578635723,0.17061400515392466,0.5760183990309109,3.024059535123535,0.6377713879818709,0.1455357996460065,-0.8760454095825481,4.046850956549651,-0.9233339443687882,2
1.5646197411607499,2.0708760661338297,0.6172537505174787,1.6981126993297202,-1.1105736709511453,1.7734597082694128,-1.6774437337304706,1.7194892375731654,2.7819500579014926,-0.4904316715194368,2.220341248471076,-0.4321237093240537,0
0.28122155147645916,-0.6698708593655386,0.44828806552884126,1.1558070581766167,-1.6061354345812457,0.9450729425413504,-1.775784494239157,-0.8410872976966757,-1.470436833918857,0.8312657168746922,-0.600203793138345,-0.5410838296778194,1
-0.26132905945146784,-0.04909269851988527,-0.6222580182182349,-2.743929198988794,0.9854045453463941,-0.7691485671702738,3.2608874004250876,1.8380513255875308,0.07038138817186901,-0.703240661634966,1.9784082431012415,-0.7693100244919348,2
2.081269628766723,-0.9317987534119461,-2.2144430619227866,-2.776350156588466,0.4306811193018423,1.0822526603467484,-0.8344036838082917,-1.0904287921900009,1.4647666294725914,-1.2158350894914656,-0.417305930653014,0.46782672523595803,0
1.1059049859172725,-2.8080064241597165,-3.746933890262005,0.6847237221772612,-1.489243932598959,0.01486368736890098,-3.0904521085617644,1.1455375485311372,-1.4297382359182744,-0.7164822212863919,3.2593869427117053,1.5397407626758786,0
-0.04079448978496107,0.32405652070170554,-1.8277077522546168,-1.5180047281882678,2.5254349373512994,2.8093724581722763,-0.6773031859686112,-1.6417144670348094,2.685518002077452,-0.273451972131304,-0.09402148414522737,-0.23343279864389554,2
-0.6246009067683401,0.6120360474552882,5.300382927683408,-2.1647295681598293,-2.0367822201286856,-1.532444880753685,4.320422256015904,2.3576256844342307,-1.3926960949051472,-0.8465225550494585,-2.1535701204333155,0.7808154278141377,1
-0.9839328831100579,-2.047375639499601,-0.9554009154995023,0.5615255370802998,-0.7618911172447731,-2.2831197576998647,-2.9366193910344,-0.40183228930652093,-0.786451516610337,1.6265044965021302,-0.8103975182270009,-1.1496291989508138,1
